VVV DIGITAL — Competitor Client Monitor,,,,,
,,,,,
Datum baze,2026-09-21,,,,
Skupaj zaznanih povezav,47,,,,
,,,,,
Konkurent,Zaznane povezave,Močni aktualni signali,Opomba,,
WATT Agency,17,11,Javni podatki niso nujno celoten roster.,,
Createable,4,4,Javni podatki niso nujno celoten roster.,,
BuzzTik,10,7,Javni podatki niso nujno celoten roster.,,
TikTok SPACE,3,1,Javni podatki niso nujno celoten roster.,,
3A Media,1,1,Javni podatki niso nujno celoten roster.,,
XOD Agency,12,2,Javni podatki niso nujno celoten roster.,,
"Opomba: “aktiven” pomeni moč javnega signala, ne potrditve pogodbenega razmerja.",,,,,
